team_name,league_name,season,win_rate
RSC Anderlecht,Belgium Jupiler League,2008/2009,0.71
Standard de Liège,Belgium Jupiler League,2008/2009,0.71
Club Brugge KV,Belgium Jupiler League,2008/2009,0.53
KAA Gent,Belgium Jupiler League,2008/2009,0.5
SV Zulte-Waregem,Belgium Jupiler League,2008/2009,0.47
KRC Genk,Belgium Jupiler League,2008/2009,0.44
KVC Westerlo,Belgium Jupiler League,2008/2009,0.44
KSV Cercle Brugge,Belgium Jupiler League,2008/2009,0.41
Sporting Lokeren,Belgium Jupiler League,2008/2009,0.38
KV Mechelen,Belgium Jupiler League,2008/2009,0.35
Sporting Charleroi,Belgium Jupiler League,2008/2009,0.35
Beerschot AC,Belgium Jupiler League,2008/2009,0.32
FCV Dender EH,Belgium Jupiler League,2008/2009,0.26
KV Kortrijk,Belgium Jupiler League,2008/2009,0.26
KSV Roeselare,Belgium Jupiler League,2008/2009,0.24
Tubize,Belgium Jupiler League,2008/2009,0.21
RAEC Mons,Belgium Jupiler League,2008/2009,0.09
RSC Anderlecht,Belgium Jupiler League,2009/2010,0.79
Club Brugge KV,Belgium Jupiler League,2009/2010,0.61
KAA Gent,Belgium Jupiler League,2009/2010,0.5
KV Kortrijk,Belgium Jupiler League,2009/2010,0.43
KV Mechelen,Belgium Jupiler League,2009/2010,0.43
Sint-Truidense VV,Belgium Jupiler League,2009/2010,0.43
KSV Cercle Brugge,Belgium Jupiler League,2009/2010,0.39
SV Zulte-Waregem,Belgium Jupiler League,2009/2010,0.36
Standard de Liège,Belgium Jupiler League,2009/2010,0.36
Beerschot AC,Belgium Jupiler League,2009/2010,0.32
KRC Genk,Belgium Jupiler League,2009/2010,0.29
KVC Westerlo,Belgium Jupiler League,2009/2010,0.29
Sporting Charleroi,Belgium Jupiler League,2009/2010,0.18
Sporting Lokeren,Belgium Jupiler League,2009/2010,0.18
KSV Roeselare,Belgium Jupiler League,2009/2010,0.14
KRC Genk,Belgium Jupiler League,2010/2011,0.63
RSC Anderlecht,Belgium Jupiler League,2010/2011,0.63
KAA Gent,Belgium Jupiler League,2010/2011,0.57
Club Brugge KV,Belgium Jupiler League,2010/2011,0.53
Standard de Liège,Belgium Jupiler League,2010/2011,0.5
KV Mechelen,Belgium Jupiler League,2010/2011,0.43
Sporting Lokeren,Belgium Jupiler League,2010/2011,0.43
KSV Cercle Brugge,Belgium Jupiler League,2010/2011,0.37
KV Kortrijk,Belgium Jupiler League,2010/2011,0.37
KVC Westerlo,Belgium Jupiler League,2010/2011,0.37
Sint-Truidense VV,Belgium Jupiler League,2010/2011,0.27
SV Zulte-Waregem,Belgium Jupiler League,2010/2011,0.23
Beerschot AC,Belgium Jupiler League,2010/2011,0.17
KAS Eupen,Belgium Jupiler League,2010/2011,0.17
Lierse SK,Belgium Jupiler League,2010/2011,0.13
Sporting Charleroi,Belgium Jupiler League,2010/2011,0.13
RSC Anderlecht,Belgium Jupiler League,2011/2012,0.67
Club Brugge KV,Belgium Jupiler League,2011/2012,0.63
KAA Gent,Belgium Jupiler League,2011/2012,0.57
Standard de Liège,Belgium Jupiler League,2011/2012,0.47
KRC Genk,Belgium Jupiler League,2011/2012,0.43
KSV Cercle Brugge,Belgium Jupiler League,2011/2012,0.43
KV Kortrijk,Belgium Jupiler League,2011/2012,0.43
Sporting Lokeren,Belgium Jupiler League,2011/2012,0.37
KV Mechelen,Belgium Jupiler League,2011/2012,0.33
Beerschot AC,Belgium Jupiler League,2011/2012,0.3
RAEC Mons,Belgium Jupiler League,2011/2012,0.3
Oud-Heverlee Leuven,Belgium Jupiler League,2011/2012,0.23
Lierse SK,Belgium Jupiler League,2011/2012,0.2
SV Zulte-Waregem,Belgium Jupiler League,2011/2012,0.2
KVC Westerlo,Belgium Jupiler League,2011/2012,0.17
Sint-Truidense VV,Belgium Jupiler League,2011/2012,0.1
RSC Anderlecht,Belgium Jupiler League,2012/2013,0.67
SV Zulte-Waregem,Belgium Jupiler League,2012/2013,0.63
Club Brugge KV,Belgium Jupiler League,2012/2013,0.5
KRC Genk,Belgium Jupiler League,2012/2013,0.5
Standard de Liège,Belgium Jupiler League,2012/2013,0.5
Sporting Lokeren,Belgium Jupiler League,2012/2013,0.47
RAEC Mons,Belgium Jupiler League,2012/2013,0.43
KV Mechelen,Belgium Jupiler League,2012/2013,0.4
KV Kortrijk,Belgium Jupiler League,2012/2013,0.37
Sporting Charleroi,Belgium Jupiler League,2012/2013,0.33
KAA Gent,Belgium Jupiler League,2012/2013,0.27
Oud-Heverlee Leuven,Belgium Jupiler League,2012/2013,0.27
Waasland-Beveren,Belgium Jupiler League,2012/2013,0.23
Beerschot AC,Belgium Jupiler League,2012/2013,0.2
Lierse SK,Belgium Jupiler League,2012/2013,0.17
KSV Cercle Brugge,Belgium Jupiler League,2012/2013,0.1
KV Oostende,Belgium Jupiler League,2013/2014,0.67
KAA Gent,Belgium Jupiler League,2013/2014,0.5
Lierse SK,Belgium Jupiler League,2013/2014,0.33
Waasland-Beveren,Belgium Jupiler League,2013/2014,0.17
Club Brugge KV,Belgium Jupiler League,2014/2015,0.57
KAA Gent,Belgium Jupiler League,2014/2015,0.53
KV Kortrijk,Belgium Jupiler League,2014/2015,0.53
RSC Anderlecht,Belgium Jupiler League,2014/2015,0.53
Standard de Liège,Belgium Jupiler League,2014/2015,0.53
Sporting Charleroi,Belgium Jupiler League,2014/2015,0.47
KRC Genk,Belgium Jupiler League,2014/2015,0.43
KV Oostende,Belgium Jupiler League,2014/2015,0.37
KV Mechelen,Belgium Jupiler League,2014/2015,0.33
Sporting Lokeren,Belgium Jupiler League,2014/2015,0.33
KVC Westerlo,Belgium Jupiler League,2014/2015,0.27
SV Zulte-Waregem,Belgium Jupiler League,2014/2015,0.27
Waasland-Beveren,Belgium Jupiler League,2014/2015,0.23
KSV Cercle Brugge,Belgium Jupiler League,2014/2015,0.2
Lierse SK,Belgium Jupiler League,2014/2015,0.17
Club Brugge KV,Belgium Jupiler League,2015/2016,0.7
KAA Gent,Belgium Jupiler League,2015/2016,0.57
RSC Anderlecht,Belgium Jupiler League,2015/2016,0.5
KRC Genk,Belgium Jupiler League,2015/2016,0.47
KV Oostende,Belgium Jupiler League,2015/2016,0.47
SV Zulte-Waregem,Belgium Jupiler League,2015/2016,0.4
Standard de Liège,Belgium Jupiler League,2015/2016,0.4
KV Kortrijk,Belgium Jupiler League,2015/2016,0.33
KV Mechelen,Belgium Jupiler League,2015/2016,0.33
Sporting Charleroi,Belgium Jupiler League,2015/2016,0.33
Waasland-Beveren,Belgium Jupiler League,2015/2016,0.3
Sint-Truidense VV,Belgium Jupiler League,2015/2016,0.27
Sporting Lokeren,Belgium Jupiler League,2015/2016,0.27
KVC Westerlo,Belgium Jupiler League,2015/2016,0.23
Oud-Heverlee Leuven,Belgium Jupiler League,2015/2016,0.23
Manchester United,England Premier League,2008/2009,0.74
Chelsea,England Premier League,2008/2009,0.66
Liverpool,England Premier League,2008/2009,0.66
Arsenal,England Premier League,2008/2009,0.53
Aston Villa,England Premier League,2008/2009,0.45
Everton,England Premier League,2008/2009,0.45
Manchester City,England Premier League,2008/2009,0.39
Fulham,England Premier League,2008/2009,0.37
Tottenham Hotspur,England Premier League,2008/2009,0.37
West Ham United,England Premier League,2008/2009,0.37
Stoke City,England Premier League,2008/2009,0.32
Wigan Athletic,England Premier League,2008/2009,0.32
Bolton Wanderers,England Premier League,2008/2009,0.29
Blackburn Rovers,England Premier League,2008/2009,0.26
Portsmouth,England Premier League,2008/2009,0.26
Sunderland,England Premier League,2008/2009,0.24
Hull City,England Premier League,2008/2009,0.21
West Bromwich Albion,England Premier League,2008/2009,0.21
Middlesbrough,England Premier League,2008/2009,0.18
Newcastle United,England Premier League,2008/2009,0.18
Chelsea,England Premier League,2009/2010,0.71
Manchester United,England Premier League,2009/2010,0.71
Arsenal,England Premier League,2009/2010,0.61
Tottenham Hotspur,England Premier League,2009/2010,0.55
Liverpool,England Premier League,2009/2010,0.47
Manchester City,England Premier League,2009/2010,0.47
Aston Villa,England Premier League,2009/2010,0.45
Everton,England Premier League,2009/2010,0.42
Birmingham City,England Premier League,2009/2010,0.34
Blackburn Rovers,England Premier League,2009/2010,0.34
Fulham,England Premier League,2009/2010,0.32
Stoke City,England Premier League,2009/2010,0.29
Sunderland,England Premier League,2009/2010,0.29
Bolton Wanderers,England Premier League,2009/2010,0.26
Wigan Athletic,England Premier League,2009/2010,0.24
Wolverhampton Wanderers,England Premier League,2009/2010,0.24
Burnley,England Premier League,2009/2010,0.21
West Ham United,England Premier League,2009/2010,0.21
Portsmouth,England Premier League,2009/2010,0.18
Hull City,England Premier League,2009/2010,0.16
Manchester United,England Premier League,2010/2011,0.61
Chelsea,England Premier League,2010/2011,0.55
Manchester City,England Premier League,2010/2011,0.55
Arsenal,England Premier League,2010/2011,0.5
Liverpool,England Premier League,2010/2011,0.45
Tottenham Hotspur,England Premier League,2010/2011,0.42
Everton,England Premier League,2010/2011,0.34
Stoke City,England Premier League,2010/2011,0.34
Aston Villa,England Premier League,2010/2011,0.32
Bolton Wanderers,England Premier League,2010/2011,0.32
Sunderland,England Premier League,2010/2011,0.32
West Bromwich Albion,England Premier League,2010/2011,0.32
Blackburn Rovers,England Premier League,2010/2011,0.29
Fulham,England Premier League,2010/2011,0.29
Newcastle United,England Premier League,2010/2011,0.29
Wolverhampton Wanderers,England Premier League,2010/2011,0.29
Blackpool,England Premier League,2010/2011,0.26
Wigan Athletic,England Premier League,2010/2011,0.24
Birmingham City,England Premier League,2010/2011,0.21
West Ham United,England Premier League,2010/2011,0.18
Manchester City,England Premier League,2011/2012,0.74
Manchester United,England Premier League,2011/2012,0.74
Arsenal,England Premier League,2011/2012,0.55
Tottenham Hotspur,England Premier League,2011/2012,0.53
Newcastle United,England Premier League,2011/2012,0.5
Chelsea,England Premier League,2011/2012,0.47
Everton,England Premier League,2011/2012,0.39
Fulham,England Premier League,2011/2012,0.37
Liverpool,England Premier League,2011/2012,0.37
West Bromwich Albion,England Premier League,2011/2012,0.34
Norwich City,England Premier League,2011/2012,0.32
Swansea City,England Premier League,2011/2012,0.32
Stoke City,England Premier League,2011/2012,0.29
Sunderland,England Premier League,2011/2012,0.29
Wigan Athletic,England Premier League,2011/2012,0.29
Bolton Wanderers,England Premier League,2011/2012,0.26
Queens Park Rangers,England Premier League,2011/2012,0.26
Blackburn Rovers,England Premier League,2011/2012,0.21
Aston Villa,England Premier League,2011/2012,0.18
Wolverhampton Wanderers,England Premier League,2011/2012,0.13
Manchester United,England Premier League,2012/2013,0.74
Manchester City,England Premier League,2012/2013,0.61
Chelsea,England Premier League,2012/2013,0.58
Arsenal,England Premier League,2012/2013,0.55
Tottenham Hotspur,England Premier League,2012/2013,0.55
Everton,England Premier League,2012/2013,0.42
Liverpool,England Premier League,2012/2013,0.42
West Bromwich Albion,England Premier League,2012/2013,0.37
West Ham United,England Premier League,2012/2013,0.32
Fulham,England Premier League,2012/2013,0.29
Newcastle United,England Premier League,2012/2013,0.29
Swansea City,England Premier League,2012/2013,0.29
Aston Villa,England Premier League,2012/2013,0.26
Norwich City,England Premier League,2012/2013,0.26
Southampton,England Premier League,2012/2013,0.24
Stoke City,England Premier League,2012/2013,0.24
Sunderland,England Premier League,2012/2013,0.24
Wigan Athletic,England Premier League,2012/2013,0.24
Reading,England Premier League,2012/2013,0.16
Queens Park Rangers,England Premier League,2012/2013,0.11
Manchester City,England Premier League,2013/2014,0.71
Liverpool,England Premier League,2013/2014,0.68
Chelsea,England Premier League,2013/2014,0.66
Arsenal,England Premier League,2013/2014,0.63
Everton,England Premier League,2013/2014,0.55
Tottenham Hotspur,England Premier League,2013/2014,0.55
Manchester United,England Premier League,2013/2014,0.5
Newcastle United,England Premier League,2013/2014,0.39
Southampton,England Premier League,2013/2014,0.39
Crystal Palace,England Premier League,2013/2014,0.34
Stoke City,England Premier League,2013/2014,0.34
Swansea City,England Premier League,2013/2014,0.29
West Ham United,England Premier League,2013/2014,0.29
Aston Villa,England Premier League,2013/2014,0.26
Hull City,England Premier League,2013/2014,0.26
Sunderland,England Premier League,2013/2014,0.26
Fulham,England Premier League,2013/2014,0.24
Norwich City,England Premier League,2013/2014,0.21
Cardiff City,England Premier League,2013/2014,0.18
West Bromwich Albion,England Premier League,2013/2014,0.18
Chelsea,England Premier League,2014/2015,0.68
Manchester City,England Premier League,2014/2015,0.63
Arsenal,England Premier League,2014/2015,0.58
Manchester United,England Premier League,2014/2015,0.53
Tottenham Hotspur,England Premier League,2014/2015,0.5
Liverpool,England Premier League,2014/2015,0.47
Southampton,England Premier League,2014/2015,0.47
Swansea City,England Premier League,2014/2015,0.42
Stoke City,England Premier League,2014/2015,0.39
Crystal Palace,England Premier League,2014/2015,0.34
Everton,England Premier League,2014/2015,0.32
West Ham United,England Premier League,2014/2015,0.32
Leicester City,England Premier League,2014/2015,0.29
West Bromwich Albion,England Premier League,2014/2015,0.29
Aston Villa,England Premier League,2014/2015,0.26
Newcastle United,England Premier League,2014/2015,0.26
Hull City,England Premier League,2014/2015,0.21
Queens Park Rangers,England Premier League,2014/2015,0.21
Burnley,England Premier League,2014/2015,0.18
Sunderland,England Premier League,2014/2015,0.18
Leicester City,England Premier League,2015/2016,0.61
Arsenal,England Premier League,2015/2016,0.53
Manchester City,England Premier League,2015/2016,0.5
Manchester United,England Premier League,2015/2016,0.5
Tottenham Hotspur,England Premier League,2015/2016,0.5
Southampton,England Premier League,2015/2016,0.47
Liverpool,England Premier League,2015/2016,0.42
West Ham United,England Premier League,2015/2016,0.42
Stoke City,England Premier League,2015/2016,0.37
Chelsea,England Premier League,2015/2016,0.32
Swansea City,England Premier League,2015/2016,0.32
Watford,England Premier League,2015/2016,0.32
Bournemouth,England Premier League,2015/2016,0.29
Crystal Palace,England Premier League,2015/2016,0.29
Everton,England Premier League,2015/2016,0.29
West Bromwich Albion,England Premier League,2015/2016,0.26
Newcastle United,England Premier League,2015/2016,0.24
Norwich City,England Premier League,2015/2016,0.24
Sunderland,England Premier League,2015/2016,0.24
Aston Villa,England Premier League,2015/2016,0.08
Girondins de Bordeaux,France Ligue 1,2008/2009,0.63
Olympique de Marseille,France Ligue 1,2008/2009,0.58
Olympique Lyonnais,France Ligue 1,2008/2009,0.53
Paris Saint-Germain,France Ligue 1,2008/2009,0.5
LOSC Lille,France Ligue 1,2008/2009,0.45
AJ Auxerre,France Ligue 1,2008/2009,0.42
Toulouse FC,France Ligue 1,2008/2009,0.42
Stade Rennais FC,France Ligue 1,2008/2009,0.39
OGC Nice,France Ligue 1,2008/2009,0.34
AS Monaco,France Ligue 1,2008/2009,0.29
AS Saint-Étienne,France Ligue 1,2008/2009,0.29
AS Nancy-Lorraine,France Ligue 1,2008/2009,0.26
FC Lorient,France Ligue 1,2008/2009,0.26
FC Sochaux-Montbéliard,France Ligue 1,2008/2009,0.26
Grenoble Foot 38,France Ligue 1,2008/2009,0.26
Le Mans FC,France Ligue 1,2008/2009,0.26
Valenciennes FC,France Ligue 1,2008/2009,0.26
FC Nantes,France Ligue 1,2008/2009,0.24
SM Caen,France Ligue 1,2008/2009,0.21
Le Havre AC,France Ligue 1,2008/2009,0.18
Olympique de Marseille,France Ligue 1,2009/2010,0.61
LOSC Lille,France Ligue 1,2009/2010,0.55
AJ Auxerre,France Ligue 1,2009/2010,0.53
Montpellier Hérault SC,France Ligue 1,2009/2010,0.53
Olympique Lyonnais,France Ligue 1,2009/2010,0.53
Girondins de Bordeaux,France Ligue 1,2009/2010,0.5
FC Lorient,France Ligue 1,2009/2010,0.42
AS Monaco,France Ligue 1,2009/2010,0.39
Stade Rennais FC,France Ligue 1,2009/2010,0.37
Valenciennes FC,France Ligue 1,2009/2010,0.37
AS Nancy-Lorraine,France Ligue 1,2009/2010,0.34
Paris Saint-Germain,France Ligue 1,2009/2010,0.32
RC Lens,France Ligue 1,2009/2010,0.32
Toulouse FC,France Ligue 1,2009/2010,0.32
FC Sochaux-Montbéliard,France Ligue 1,2009/2010,0.29
OGC Nice,France Ligue 1,2009/2010,0.29
AS Saint-Étienne,France Ligue 1,2009/2010,0.26
Le Mans FC,France Ligue 1,2009/2010,0.21
US Boulogne Cote D'Opale,France Ligue 1,2009/2010,0.18
Grenoble Foot 38,France Ligue 1,2009/2010,0.13
LOSC Lille,France Ligue 1,2010/2011,0.55
Olympique de Marseille,France Ligue 1,2010/2011,0.47
FC Sochaux-Montbéliard,France Ligue 1,2010/2011,0.45
Olympique Lyonnais,France Ligue 1,2010/2011,0.45
Paris Saint-Germain,France Ligue 1,2010/2011,0.39
Stade Rennais FC,France Ligue 1,2010/2011,0.39
Toulouse FC,France Ligue 1,2010/2011,0.37
AS Nancy-Lorraine,France Ligue 1,2010/2011,0.34
AS Saint-Étienne,France Ligue 1,2010/2011,0.32
FC Lorient,France Ligue 1,2010/2011,0.32
Girondins de Bordeaux,France Ligue 1,2010/2011,0.32
Montpellier Hérault SC,France Ligue 1,2010/2011,0.32
OGC Nice,France Ligue 1,2010/2011,0.29
SM Caen,France Ligue 1,2010/2011,0.29
Stade Brestois 29,France Ligue 1,2010/2011,0.29
AJ Auxerre,France Ligue 1,2010/2011,0.26
Valenciennes FC,France Ligue 1,2010/2011,0.26
AS Monaco,France Ligue 1,2010/2011,0.24
RC Lens,France Ligue 1,2010/2011,0.18
AC Arles-Avignon,France Ligue 1,2010/2011,0.08
Montpellier Hérault SC,France Ligue 1,2011/2012,0.66
Paris Saint-Germain,France Ligue 1,2011/2012,0.61
LOSC Lille,France Ligue 1,2011/2012,0.55
Olympique Lyonnais,France Ligue 1,2011/2012,0.5
Stade Rennais FC,France Ligue 1,2011/2012,0.45
AS Saint-Étienne,France Ligue 1,2011/2012,0.42
Girondins de Bordeaux,France Ligue 1,2011/2012,0.42
Toulouse FC,France Ligue 1,2011/2012,0.39
Évian Thonon Gaillard FC,France Ligue 1,2011/2012,0.34
Olympique de Marseille,France Ligue 1,2011/2012,0.32
Valenciennes FC,France Ligue 1,2011/2012,0.32
AS Nancy-Lorraine,France Ligue 1,2011/2012,0.29
FC Sochaux-Montbéliard,France Ligue 1,2011/2012,0.29
OGC Nice,France Ligue 1,2011/2012,0.26
AC Ajaccio,France Ligue 1,2011/2012,0.24
Dijon FCO,France Ligue 1,2011/2012,0.24
FC Lorient,France Ligue 1,2011/2012,0.24
SM Caen,France Ligue 1,2011/2012,0.24
Stade Brestois 29,France Ligue 1,2011/2012,0.21
AJ Auxerre,France Ligue 1,2011/2012,0.18
Paris Saint-Germain,France Ligue 1,2012/2013,0.66
Olympique de Marseille,France Ligue 1,2012/2013,0.55
Olympique Lyonnais,France Ligue 1,2012/2013,0.5
OGC Nice,France Ligue 1,2012/2013,0.47
AS Saint-Étienne,France Ligue 1,2012/2013,0.42
LOSC Lille,France Ligue 1,2012/2013,0.42
Montpellier Hérault SC,France Ligue 1,2012/2013,0.39
FC Lorient,France Ligue 1,2012/2013,0.37
Girondins de Bordeaux,France Ligue 1,2012/2013,0.34
SC Bastia,France Ligue 1,2012/2013,0.34
Stade Rennais FC,France Ligue 1,2012/2013,0.34
Toulouse FC,France Ligue 1,2012/2013,0.34
Valenciennes FC,France Ligue 1,2012/2013,0.32
FC Sochaux-Montbéliard,France Ligue 1,2012/2013,0.26
Stade de Reims,France Ligue 1,2012/2013,0.26
Évian Thonon Gaillard FC,France Ligue 1,2012/2013,0.26
AC Ajaccio,France Ligue 1,2012/2013,0.24
AS Nancy-Lorraine,France Ligue 1,2012/2013,0.24
ES Troyes AC,France Ligue 1,2012/2013,0.21
Stade Brestois 29,France Ligue 1,2012/2013,0.21
Paris Saint-Germain,France Ligue 1,2013/2014,0.71
AS Monaco,France Ligue 1,2013/2014,0.61
AS Saint-Étienne,France Ligue 1,2013/2014,0.53
LOSC Lille,France Ligue 1,2013/2014,0.53
Olympique Lyonnais,France Ligue 1,2013/2014,0.45
Olympique de Marseille,France Ligue 1,2013/2014,0.42
FC Lorient,France Ligue 1,2013/2014,0.34
FC Nantes,France Ligue 1,2013/2014,0.34
Girondins de Bordeaux,France Ligue 1,2013/2014,0.34
OGC Nice,France Ligue 1,2013/2014,0.32
SC Bastia,France Ligue 1,2013/2014,0.32
Stade de Reims,France Ligue 1,2013/2014,0.32
Toulouse FC,France Ligue 1,2013/2014,0.32
En Avant de Guingamp,France Ligue 1,2013/2014,0.29
Stade Rennais FC,France Ligue 1,2013/2014,0.29
Évian Thonon Gaillard FC,France Ligue 1,2013/2014,0.29
FC Sochaux-Montbéliard,France Ligue 1,2013/2014,0.26
Montpellier Hérault SC,France Ligue 1,2013/2014,0.21
Valenciennes FC,France Ligue 1,2013/2014,0.18
AC Ajaccio,France Ligue 1,2013/2014,0.11
Paris Saint-Germain,France Ligue 1,2014/2015,0.63
Olympique Lyonnais,France Ligue 1,2014/2015,0.58
Olympique de Marseille,France Ligue 1,2014/2015,0.55
AS Monaco,France Ligue 1,2014/2015,0.53
AS Saint-Étienne,France Ligue 1,2014/2015,0.5
Girondins de Bordeaux,France Ligue 1,2014/2015,0.45
LOSC Lille,France Ligue 1,2014/2015,0.42
Montpellier Hérault SC,France Ligue 1,2014/2015,0.42
En Avant de Guingamp,France Ligue 1,2014/2015,0.39
OGC Nice,France Ligue 1,2014/2015,0.34
Stade Rennais FC,France Ligue 1,2014/2015,0.34
FC Lorient,France Ligue 1,2014/2015,0.32
SC Bastia,France Ligue 1,2014/2015,0.32
SM Caen,France Ligue 1,2014/2015,0.32
Stade de Reims,France Ligue 1,2014/2015,0.32
Toulouse FC,France Ligue 1,2014/2015,0.32
FC Nantes,France Ligue 1,2014/2015,0.29
Évian Thonon Gaillard FC,France Ligue 1,2014/2015,0.29
FC Metz,France Ligue 1,2014/2015,0.18
RC Lens,France Ligue 1,2014/2015,0.18
Paris Saint-Germain,France Ligue 1,2015/2016,0.79
Olympique Lyonnais,France Ligue 1,2015/2016,0.5
OGC Nice,France Ligue 1,2015/2016,0.47
AS Monaco,France Ligue 1,2015/2016,0.45
AS Saint-Étienne,France Ligue 1,2015/2016,0.45
SM Caen,France Ligue 1,2015/2016,0.42
LOSC Lille,France Ligue 1,2015/2016,0.39
Montpellier Hérault SC,France Ligue 1,2015/2016,0.37
SC Bastia,France Ligue 1,2015/2016,0.37
Angers SCO,France Ligue 1,2015/2016,0.34
Stade Rennais FC,France Ligue 1,2015/2016,0.34
FC Nantes,France Ligue 1,2015/2016,0.32
Girondins de Bordeaux,France Ligue 1,2015/2016,0.32
En Avant de Guingamp,France Ligue 1,2015/2016,0.29
FC Lorient,France Ligue 1,2015/2016,0.29
Olympique de Marseille,France Ligue 1,2015/2016,0.26
Stade de Reims,France Ligue 1,2015/2016,0.26
Toulouse FC,France Ligue 1,2015/2016,0.24
GFC Ajaccio,France Ligue 1,2015/2016,0.21
ES Troyes AC,France Ligue 1,2015/2016,0.08
VfL Wolfsburg,Germany 1. Bundesliga,2008/2009,0.62
FC Bayern Munich,Germany 1. Bundesliga,2008/2009,0.59
Hamburger SV,Germany 1. Bundesliga,2008/2009,0.56
Hertha BSC Berlin,Germany 1. Bundesliga,2008/2009,0.56
VfB Stuttgart,Germany 1. Bundesliga,2008/2009,0.56
Borussia Dortmund,Germany 1. Bundesliga,2008/2009,0.44
TSG 1899 Hoffenheim,Germany 1. Bundesliga,2008/2009,0.44
Bayer 04 Leverkusen,Germany 1. Bundesliga,2008/2009,0.41
FC Schalke 04,Germany 1. Bundesliga,2008/2009,0.41
SV Werder Bremen,Germany 1. Bundesliga,2008/2009,0.35
1. FC Köln,Germany 1. Bundesliga,2008/2009,0.32
Hannover 96,Germany 1. Bundesliga,2008/2009,0.29
Borussia Mönchengladbach,Germany 1. Bundesliga,2008/2009,0.24
Eintracht Frankfurt,Germany 1. Bundesliga,2008/2009,0.24
FC Energie Cottbus,Germany 1. Bundesliga,2008/2009,0.24
Karlsruher SC,Germany 1. Bundesliga,2008/2009,0.24
VfL Bochum,Germany 1. Bundesliga,2008/2009,0.21
DSC Arminia Bielefeld,Germany 1. Bundesliga,2008/2009,0.12
FC Bayern Munich,Germany 1. Bundesliga,2009/2010,0.59
FC Schalke 04,Germany 1. Bundesliga,2009/2010,0.56
SV Werder Bremen,Germany 1. Bundesliga,2009/2010,0.5
Borussia Dortmund,Germany 1. Bundesliga,2009/2010,0.47
Bayer 04 Leverkusen,Germany 1. Bundesliga,2009/2010,0.44
VfB Stuttgart,Germany 1. Bundesliga,2009/2010,0.44
VfL Wolfsburg,Germany 1. Bundesliga,2009/2010,0.41
Hamburger SV,Germany 1. Bundesliga,2009/2010,0.38
1. FSV Mainz 05,Germany 1. Bundesliga,2009/2010,0.35
Eintracht Frankfurt,Germany 1. Bundesliga,2009/2010,0.35
TSG 1899 Hoffenheim,Germany 1. Bundesliga,2009/2010,0.32
Borussia Mönchengladbach,Germany 1. Bundesliga,2009/2010,0.29
1. FC Köln,Germany 1. Bundesliga,2009/2010,0.26
Hannover 96,Germany 1. Bundesliga,2009/2010,0.26
SC Freiburg,Germany 1. Bundesliga,2009/2010,0.26
1. FC Nürnberg,Germany 1. Bundesliga,2009/2010,0.24
VfL Bochum,Germany 1. Bundesliga,2009/2010,0.18
Hertha BSC Berlin,Germany 1. Bundesliga,2009/2010,0.15
Borussia Dortmund,Germany 1. Bundesliga,2010/2011,0.68
Bayer 04 Leverkusen,Germany 1. Bundesliga,2010/2011,0.59
FC Bayern Munich,Germany 1. Bundesliga,2010/2011,0.56
Hannover 96,Germany 1. Bundesliga,2010/2011,0.56
1. FSV Mainz 05,Germany 1. Bundesliga,2010/2011,0.53
1. FC Kaiserslautern,Germany 1. Bundesliga,2010/2011,0.38
1. FC Köln,Germany 1. Bundesliga,2010/2011,0.38
1. FC Nürnberg,Germany 1. Bundesliga,2010/2011,0.38
SC Freiburg,Germany 1. Bundesliga,2010/2011,0.38
Hamburger SV,Germany 1. Bundesliga,2010/2011,0.35
VfB Stuttgart,Germany 1. Bundesliga,2010/2011,0.35
FC Schalke 04,Germany 1. Bundesliga,2010/2011,0.32
TSG 1899 Hoffenheim,Germany 1. Bundesliga,2010/2011,0.32
Borussia Mönchengladbach,Germany 1. Bundesliga,2010/2011,0.29
SV Werder Bremen,Germany 1. Bundesliga,2010/2011,0.29
Eintracht Frankfurt,Germany 1. Bundesliga,2010/2011,0.26
VfL Wolfsburg,Germany 1. Bundesliga,2010/2011,0.26
FC St. Pauli,Germany 1. Bundesliga,2010/2011,0.24
Borussia Dortmund,Germany 1. Bundesliga,2011/2012,0.74
FC Bayern Munich,Germany 1. Bundesliga,2011/2012,0.68
FC Schalke 04,Germany 1. Bundesliga,2011/2012,0.59
Borussia Mönchengladbach,Germany 1. Bundesliga,2011/2012,0.5
Bayer 04 Leverkusen,Germany 1. Bundesliga,2011/2012,0.44
VfB Stuttgart,Germany 1. Bundesliga,2011/2012,0.44
VfL Wolfsburg,Germany 1. Bundesliga,2011/2012,0.38
1. FC Nürnberg,Germany 1. Bundesliga,2011/2012,0.35
Hannover 96,Germany 1. Bundesliga,2011/2012,0.35
SV Werder Bremen,Germany 1. Bundesliga,2011/2012,0.32
SC Freiburg,Germany 1. Bundesliga,2011/2012,0.29
TSG 1899 Hoffenheim,Germany 1. Bundesliga,2011/2012,0.29
1. FSV Mainz 05,Germany 1. Bundesliga,2011/2012,0.26
1. FC Köln,Germany 1. Bundesliga,2011/2012,0.24
FC Augsburg,Germany 1. Bundesliga,2011/2012,0.24
Hamburger SV,Germany 1. Bundesliga,2011/2012,0.24
Hertha BSC Berlin,Germany 1. Bundesliga,2011/2012,0.21
1. FC Kaiserslautern,Germany 1. Bundesliga,2011/2012,0.12
FC Bayern Munich,Germany 1. Bundesliga,2012/2013,0.85
Bayer 04 Leverkusen,Germany 1. Bundesliga,2012/2013,0.56
Borussia Dortmund,Germany 1. Bundesliga,2012/2013,0.56
FC Schalke 04,Germany 1. Bundesliga,2012/2013,0.47
Eintracht Frankfurt,Germany 1. Bundesliga,2012/2013,0.41
Hamburger SV,Germany 1. Bundesliga,2012/2013,0.41
SC Freiburg,Germany 1. Bundesliga,2012/2013,0.41
Hannover 96,Germany 1. Bundesliga,2012/2013,0.38
Borussia Mönchengladbach,Germany 1. Bundesliga,2012/2013,0.35
VfB Stuttgart,Germany 1. Bundesliga,2012/2013,0.35
1. FC Nürnberg,Germany 1. Bundesliga,2012/2013,0.32
1. FSV Mainz 05,Germany 1. Bundesliga,2012/2013,0.29
VfL Wolfsburg,Germany 1. Bundesliga,2012/2013,0.29
FC Augsburg,Germany 1. Bundesliga,2012/2013,0.24
SV Werder Bremen,Germany 1. Bundesliga,2012/2013,0.24
TSG 1899 Hoffenheim,Germany 1. Bundesliga,2012/2013,0.24
Fortuna Düsseldorf,Germany 1. Bundesliga,2012/2013,0.21
SpVgg Greuther Fürth,Germany 1. Bundesliga,2012/2013,0.12
FC Bayern Munich,Germany 1. Bundesliga,2013/2014,0.85
Borussia Dortmund,Germany 1. Bundesliga,2013/2014,0.65
Bayer 04 Leverkusen,Germany 1. Bundesliga,2013/2014,0.56
FC Schalke 04,Germany 1. Bundesliga,2013/2014,0.56
VfL Wolfsburg,Germany 1. Bundesliga,2013/2014,0.53
1. FSV Mainz 05,Germany 1. Bundesliga,2013/2014,0.47
Borussia Mönchengladbach,Germany 1. Bundesliga,2013/2014,0.47
FC Augsburg,Germany 1. Bundesliga,2013/2014,0.44
Hannover 96,Germany 1. Bundesliga,2013/2014,0.35
Hertha BSC Berlin,Germany 1. Bundesliga,2013/2014,0.32
TSG 1899 Hoffenheim,Germany 1. Bundesliga,2013/2014,0.32
SV Werder Bremen,Germany 1. Bundesliga,2013/2014,0.29
Eintracht Frankfurt,Germany 1. Bundesliga,2013/2014,0.26
SC Freiburg,Germany 1. Bundesliga,2013/2014,0.26
VfB Stuttgart,Germany 1. Bundesliga,2013/2014,0.24
Hamburger SV,Germany 1. Bundesliga,2013/2014,0.21
Eintracht Braunschweig,Germany 1. Bundesliga,2013/2014,0.18
1. FC Nürnberg,Germany 1. Bundesliga,2013/2014,0.15
FC Bayern Munich,Germany 1. Bundesliga,2014/2015,0.74
VfL Wolfsburg,Germany 1. Bundesliga,2014/2015,0.59
Borussia Mönchengladbach,Germany 1. Bundesliga,2014/2015,0.56
Bayer 04 Leverkusen,Germany 1. Bundesliga,2014/2015,0.5
FC Augsburg,Germany 1. Bundesliga,2014/2015,0.44
Borussia Dortmund,Germany 1. Bundesliga,2014/2015,0.38
FC Schalke 04,Germany 1. Bundesliga,2014/2015,0.38
TSG 1899 Hoffenheim,Germany 1. Bundesliga,2014/2015,0.35
Eintracht Frankfurt,Germany 1. Bundesliga,2014/2015,0.32
SV Werder Bremen,Germany 1. Bundesliga,2014/2015,0.32
1. FC Köln,Germany 1. Bundesliga,2014/2015,0.26
1. FSV Mainz 05,Germany 1. Bundesliga,2014/2015,0.26
Hamburger SV,Germany 1. Bundesliga,2014/2015,0.26
Hannover 96,Germany 1. Bundesliga,2014/2015,0.26
Hertha BSC Berlin,Germany 1. Bundesliga,2014/2015,0.26
VfB Stuttgart,Germany 1. Bundesliga,2014/2015,0.26
SC Freiburg,Germany 1. Bundesliga,2014/2015,0.21
SC Paderborn 07,Germany 1. Bundesliga,2014/2015,0.21
FC Bayern Munich,Germany 1. Bundesliga,2015/2016,0.82
Borussia Dortmund,Germany 1. Bundesliga,2015/2016,0.71
Bayer 04 Leverkusen,Germany 1. Bundesliga,2015/2016,0.53
Borussia Mönchengladbach,Germany 1. Bundesliga,2015/2016,0.5
FC Schalke 04,Germany 1. Bundesliga,2015/2016,0.44
1. FSV Mainz 05,Germany 1. Bundesliga,2015/2016,0.41
Hertha BSC Berlin,Germany 1. Bundesliga,2015/2016,0.41
VfL Wolfsburg,Germany 1. Bundesliga,2015/2016,0.35
Hamburger SV,Germany 1. Bundesliga,2015/2016,0.32
1. FC Köln,Germany 1. Bundesliga,2015/2016,0.29
FC Ingolstadt 04,Germany 1. Bundesliga,2015/2016,0.29
SV Werder Bremen,Germany 1. Bundesliga,2015/2016,0.29
Eintracht Frankfurt,Germany 1. Bundesliga,2015/2016,0.26
FC Augsburg,Germany 1. Bundesliga,2015/2016,0.26
SV Darmstadt 98,Germany 1. Bundesliga,2015/2016,0.26
TSG 1899 Hoffenheim,Germany 1. Bundesliga,2015/2016,0.26
VfB Stuttgart,Germany 1. Bundesliga,2015/2016,0.26
Hannover 96,Germany 1. Bundesliga,2015/2016,0.21
Inter,Italy Serie A,2008/2009,0.66
Milan,Italy Serie A,2008/2009,0.58
Fiorentina,Italy Serie A,2008/2009,0.55
Juventus,Italy Serie A,2008/2009,0.55
Genoa,Italy Serie A,2008/2009,0.5
Roma,Italy Serie A,2008/2009,0.47
Palermo,Italy Serie A,2008/2009,0.45
Udinese,Italy Serie A,2008/2009,0.42
Cagliari,Italy Serie A,2008/2009,0.39
Lazio,Italy Serie A,2008/2009,0.39
Atalanta,Italy Serie A,2008/2009,0.34
Catania,Italy Serie A,2008/2009,0.32
Napoli,Italy Serie A,2008/2009,0.32
Siena,Italy Serie A,2008/2009,0.32
Sampdoria,Italy Serie A,2008/2009,0.29
Bologna,Italy Serie A,2008/2009,0.24
Chievo Verona,Italy Serie A,2008/2009,0.21
Torino,Italy Serie A,2008/2009,0.21
Reggio Calabria,Italy Serie A,2008/2009,0.16
Lecce,Italy Serie A,2008/2009,0.13
Inter,Italy Serie A,2009/2010,0.63
Roma,Italy Serie A,2009/2010,0.63
Milan,Italy Serie A,2009/2010,0.53
Sampdoria,Italy Serie A,2009/2010,0.5
Palermo,Italy Serie A,2009/2010,0.47
Juventus,Italy Serie A,2009/2010,0.42
Napoli,Italy Serie A,2009/2010,0.39
Genoa,Italy Serie A,2009/2010,0.37
Parma,Italy Serie A,2009/2010,0.37
Bari,Italy Serie A,2009/2010,0.34
Fiorentina,Italy Serie A,2009/2010,0.34
Chievo Verona,Italy Serie A,2009/2010,0.32
Cagliari,Italy Serie A,2009/2010,0.29
Lazio,Italy Serie A,2009/2010,0.29
Udinese,Italy Serie A,2009/2010,0.29
Bologna,Italy Serie A,2009/2010,0.26
Catania,Italy Serie A,2009/2010,0.26
Atalanta,Italy Serie A,2009/2010,0.24
Livorno,Italy Serie A,2009/2010,0.18
Siena,Italy Serie A,2009/2010,0.18
Milan,Italy Serie A,2010/2011,0.63
Inter,Italy Serie A,2010/2011,0.61
Napoli,Italy Serie A,2010/2011,0.55
Lazio,Italy Serie A,2010/2011,0.53
Udinese,Italy Serie A,2010/2011,0.53
Roma,Italy Serie A,2010/2011,0.47
Palermo,Italy Serie A,2010/2011,0.45
Juventus,Italy Serie A,2010/2011,0.39
Genoa,Italy Serie A,2010/2011,0.37
Cagliari,Italy Serie A,2010/2011,0.32
Catania,Italy Serie A,2010/2011,0.32
Fiorentina,Italy Serie A,2010/2011,0.32
Bologna,Italy Serie A,2010/2011,0.29
Cesena,Italy Serie A,2010/2011,0.29
Chievo Verona,Italy Serie A,2010/2011,0.29
Lecce,Italy Serie A,2010/2011,0.29
Parma,Italy Serie A,2010/2011,0.29
Sampdoria,Italy Serie A,2010/2011,0.21
Brescia,Italy Serie A,2010/2011,0.18
Bari,Italy Serie A,2010/2011,0.13
Juventus,Italy Serie A,2011/2012,0.63
Milan,Italy Serie A,2011/2012,0.62
Udinese,Italy Serie A,2011/2012,0.5
Lazio,Italy Serie A,2011/2012,0.47
Inter,Italy Serie A,2011/2012,0.46
Napoli,Italy Serie A,2011/2012,0.44
Roma,Italy Serie A,2011/2012,0.43
Parma,Italy Serie A,2011/2012,0.42
Atalanta,Italy Serie A,2011/2012,0.37
Bologna,Italy Serie A,2011/2012,0.31
Genoa,Italy Serie A,2011/2012,0.31
Chievo Verona,Italy Serie A,2011/2012,0.3
Catania,Italy Serie A,2011/2012,0.29
Fiorentina,Italy Serie A,2011/2012,0.29
Palermo,Italy Serie A,2011/2012,0.29
Cagliari,Italy Serie A,2011/2012,0.25
Siena,Italy Serie A,2011/2012,0.25
Lecce,Italy Serie A,2011/2012,0.23
Novara,Italy Serie A,2011/2012,0.17
Cesena,Italy Serie A,2011/2012,0.12
Juventus,Italy Serie A,2012/2013,0.71
Napoli,Italy Serie A,2012/2013,0.61
Fiorentina,Italy Serie A,2012/2013,0.55
Milan,Italy Serie A,2012/2013,0.55
Lazio,Italy Serie A,2012/2013,0.47
Roma,Italy Serie A,2012/2013,0.47
Udinese,Italy Serie A,2012/2013,0.47
Inter,Italy Serie A,2012/2013,0.42
Catania,Italy Serie A,2012/2013,0.39
Parma,Italy Serie A,2012/2013,0.34
Cagliari,Italy Serie A,2012/2013,0.32
Chievo Verona,Italy Serie A,2012/2013,0.32
Atalanta,Italy Serie A,2012/2013,0.29
Bologna,Italy Serie A,2012/2013,0.29
Sampdoria,Italy Serie A,2012/2013,0.29
Siena,Italy Serie A,2012/2013,0.24
Genoa,Italy Serie A,2012/2013,0.21
Torino,Italy Serie A,2012/2013,0.21
Palermo,Italy Serie A,2012/2013,0.16
Pescara,Italy Serie A,2012/2013,0.16
Juventus,Italy Serie A,2013/2014,0.87
Roma,Italy Serie A,2013/2014,0.68
Napoli,Italy Serie A,2013/2014,0.61
Fiorentina,Italy Serie A,2013/2014,0.5
Hellas Verona,Italy Serie A,2013/2014,0.42
Milan,Italy Serie A,2013/2014,0.42
Atalanta,Italy Serie A,2013/2014,0.39
Inter,Italy Serie A,2013/2014,0.39
Lazio,Italy Serie A,2013/2014,0.39
Parma,Italy Serie A,2013/2014,0.39
Torino,Italy Serie A,2013/2014,0.39
Sampdoria,Italy Serie A,2013/2014,0.32
Udinese,Italy Serie A,2013/2014,0.32
Genoa,Italy Serie A,2013/2014,0.29
Chievo Verona,Italy Serie A,2013/2014,0.26
Cagliari,Italy Serie A,2013/2014,0.24
Sassuolo,Italy Serie A,2013/2014,0.24
Catania,Italy Serie A,2013/2014,0.21
Livorno,Italy Serie A,2013/2014,0.16
Bologna,Italy Serie A,2013/2014,0.13
Juventus,Italy Serie A,2014/2015,0.68
Lazio,Italy Serie A,2014/2015,0.54
Roma,Italy Serie A,2014/2015,0.5
Napoli,Italy Serie A,2014/2015,0.49
Fiorentina,Italy Serie A,2014/2015,0.47
Genoa,Italy Serie A,2014/2015,0.42
Inter,Italy Serie A,2014/2015,0.37
Torino,Italy Serie A,2014/2015,0.37
Milan,Italy Serie A,2014/2015,0.34
Sampdoria,Italy Serie A,2014/2015,0.34
Palermo,Italy Serie A,2014/2015,0.32
Sassuolo,Italy Serie A,2014/2015,0.32
Hellas Verona,Italy Serie A,2014/2015,0.29
Chievo Verona,Italy Serie A,2014/2015,0.26
Udinese,Italy Serie A,2014/2015,0.26
Cagliari,Italy Serie A,2014/2015,0.21
Empoli,Italy Serie A,2014/2015,0.21
Atalanta,Italy Serie A,2014/2015,0.18
Parma,Italy Serie A,2014/2015,0.16
Cesena,Italy Serie A,2014/2015,0.11
Juventus,Italy Serie A,2015/2016,0.76
Napoli,Italy Serie A,2015/2016,0.66
Roma,Italy Serie A,2015/2016,0.61
Inter,Italy Serie A,2015/2016,0.53
Fiorentina,Italy Serie A,2015/2016,0.47
Sassuolo,Italy Serie A,2015/2016,0.42
Lazio,Italy Serie A,2015/2016,0.39
Milan,Italy Serie A,2015/2016,0.39
Chievo Verona,Italy Serie A,2015/2016,0.34
Genoa,Italy Serie A,2015/2016,0.34
Empoli,Italy Serie A,2015/2016,0.32
Torino,Italy Serie A,2015/2016,0.32
Atalanta,Italy Serie A,2015/2016,0.29
Bologna,Italy Serie A,2015/2016,0.29
Palermo,Italy Serie A,2015/2016,0.26
Sampdoria,Italy Serie A,2015/2016,0.26
Udinese,Italy Serie A,2015/2016,0.26
Carpi,Italy Serie A,2015/2016,0.24
Frosinone,Italy Serie A,2015/2016,0.21
Hellas Verona,Italy Serie A,2015/2016,0.13
AZ,Netherlands Eredivisie,2008/2009,0.74
Ajax,Netherlands Eredivisie,2008/2009,0.62
FC Twente,Netherlands Eredivisie,2008/2009,0.59
PSV,Netherlands Eredivisie,2008/2009,0.56
FC Groningen,Netherlands Eredivisie,2008/2009,0.5
SC Heerenveen,Netherlands Eredivisie,2008/2009,0.5
NAC Breda,Netherlands Eredivisie,2008/2009,0.38
Feyenoord,Netherlands Eredivisie,2008/2009,0.35
FC Utrecht,Netherlands Eredivisie,2008/2009,0.32
Vitesse,Netherlands Eredivisie,2008/2009,0.32
Willem II,Netherlands Eredivisie,2008/2009,0.29
N.E.C.,Netherlands Eredivisie,2008/2009,0.26
Sparta Rotterdam,Netherlands Eredivisie,2008/2009,0.26
ADO Den Haag,Netherlands Eredivisie,2008/2009,0.24
De Graafschap,Netherlands Eredivisie,2008/2009,0.21
FC Volendam,Netherlands Eredivisie,2008/2009,0.21
Heracles Almelo,Netherlands Eredivisie,2008/2009,0.21
Roda JC Kerkrade,Netherlands Eredivisie,2008/2009,0.21
Ajax,Netherlands Eredivisie,2009/2010,0.79
FC Twente,Netherlands Eredivisie,2009/2010,0.79
PSV,Netherlands Eredivisie,2009/2010,0.68
AZ,Netherlands Eredivisie,2009/2010,0.56
Feyenoord,Netherlands Eredivisie,2009/2010,0.5
Heracles Almelo,Netherlands Eredivisie,2009/2010,0.5
FC Groningen,Netherlands Eredivisie,2009/2010,0.41
FC Utrecht,Netherlands Eredivisie,2009/2010,0.41
Roda JC Kerkrade,Netherlands Eredivisie,2009/2010,0.41
NAC Breda,Netherlands Eredivisie,2009/2010,0.35
SC Heerenveen,Netherlands Eredivisie,2009/2010,0.32
N.E.C.,Netherlands Eredivisie,2009/2010,0.24
VVV-Venlo,Netherlands Eredivisie,2009/2010,0.24
Vitesse,Netherlands Eredivisie,2009/2010,0.24
ADO Den Haag,Netherlands Eredivisie,2009/2010,0.21
Willem II,Netherlands Eredivisie,2009/2010,0.21
Sparta Rotterdam,Netherlands Eredivisie,2009/2010,0.18
RKC Waalwijk,Netherlands Eredivisie,2009/2010,0.15
Ajax,Netherlands Eredivisie,2010/2011,0.65
FC Twente,Netherlands Eredivisie,2010/2011,0.62
PSV,Netherlands Eredivisie,2010/2011,0.59
AZ,Netherlands Eredivisie,2010/2011,0.5
FC Groningen,Netherlands Eredivisie,2010/2011,0.5
ADO Den Haag,Netherlands Eredivisie,2010/2011,0.47
Heracles Almelo,Netherlands Eredivisie,2010/2011,0.41
Roda JC Kerkrade,Netherlands Eredivisie,2010/2011,0.41
FC Utrecht,Netherlands Eredivisie,2010/2011,0.38
Feyenoord,Netherlands Eredivisie,2010/2011,0.35
NAC Breda,Netherlands Eredivisie,2010/2011,0.35
Excelsior,Netherlands Eredivisie,2010/2011,0.29
N.E.C.,Netherlands Eredivisie,2010/2011,0.29
SC Heerenveen,Netherlands Eredivisie,2010/2011,0.29
De Graafschap,Netherlands Eredivisie,2010/2011,0.26
Vitesse,Netherlands Eredivisie,2010/2011,0.26
VVV-Venlo,Netherlands Eredivisie,2010/2011,0.18
Willem II,Netherlands Eredivisie,2010/2011,0.09
Ajax,Netherlands Eredivisie,2011/2012,0.68
Feyenoord,Netherlands Eredivisie,2011/2012,0.62
PSV,Netherlands Eredivisie,2011/2012,0.62
AZ,Netherlands Eredivisie,2011/2012,0.56
SC Heerenveen,Netherlands Eredivisie,2011/2012,0.53
FC Twente,Netherlands Eredivisie,2011/2012,0.5
Vitesse,Netherlands Eredivisie,2011/2012,0.44
Roda JC Kerkrade,Netherlands Eredivisie,2011/2012,0.41
N.E.C.,Netherlands Eredivisie,2011/2012,0.38
RKC Waalwijk,Netherlands Eredivisie,2011/2012,0.38
FC Utrecht,Netherlands Eredivisie,2011/2012,0.32
Heracles Almelo,Netherlands Eredivisie,2011/2012,0.32
FC Groningen,Netherlands Eredivisie,2011/2012,0.29
NAC Breda,Netherlands Eredivisie,2011/2012,0.29
VVV-Venlo,Netherlands Eredivisie,2011/2012,0.26
ADO Den Haag,Netherlands Eredivisie,2011/2012,0.24
De Graafschap,Netherlands Eredivisie,2011/2012,0.18
Excelsior,Netherlands Eredivisie,2011/2012,0.12
Ajax,Netherlands Eredivisie,2012/2013,0.65
PSV,Netherlands Eredivisie,2012/2013,0.65
Feyenoord,Netherlands Eredivisie,2012/2013,0.62
FC Utrecht,Netherlands Eredivisie,2012/2013,0.56
Vitesse,Netherlands Eredivisie,2012/2013,0.56
FC Twente,Netherlands Eredivisie,2012/2013,0.5
FC Groningen,Netherlands Eredivisie,2012/2013,0.35
SC Heerenveen,Netherlands Eredivisie,2012/2013,0.32
AZ,Netherlands Eredivisie,2012/2013,0.29
N.E.C.,Netherlands Eredivisie,2012/2013,0.29
NAC Breda,Netherlands Eredivisie,2012/2013,0.29
PEC Zwolle,Netherlands Eredivisie,2012/2013,0.29
ADO Den Haag,Netherlands Eredivisie,2012/2013,0.26
Heracles Almelo,Netherlands Eredivisie,2012/2013,0.26
RKC Waalwijk,Netherlands Eredivisie,2012/2013,0.26
Roda JC Kerkrade,Netherlands Eredivisie,2012/2013,0.21
VVV-Venlo,Netherlands Eredivisie,2012/2013,0.18
Willem II,Netherlands Eredivisie,2012/2013,0.15
Ajax,Netherlands Eredivisie,2013/2014,0.59
Feyenoord,Netherlands Eredivisie,2013/2014,0.59
PSV,Netherlands Eredivisie,2013/2014,0.53
FC Twente,Netherlands Eredivisie,2013/2014,0.5
SC Heerenveen,Netherlands Eredivisie,2013/2014,0.47
Vitesse,Netherlands Eredivisie,2013/2014,0.44
FC Groningen,Netherlands Eredivisie,2013/2014,0.41
AZ,Netherlands Eredivisie,2013/2014,0.38
ADO Den Haag,Netherlands Eredivisie,2013/2014,0.35
FC Utrecht,Netherlands Eredivisie,2013/2014,0.32
Go Ahead Eagles,Netherlands Eredivisie,2013/2014,0.29
Heracles Almelo,Netherlands Eredivisie,2013/2014,0.29
SC Cambuur,Netherlands Eredivisie,2013/2014,0.29
PEC Zwolle,Netherlands Eredivisie,2013/2014,0.26
NAC Breda,Netherlands Eredivisie,2013/2014,0.24
RKC Waalwijk,Netherlands Eredivisie,2013/2014,0.21
Roda JC Kerkrade,Netherlands Eredivisie,2013/2014,0.21
N.E.C.,Netherlands Eredivisie,2013/2014,0.15
PSV,Netherlands Eredivisie,2014/2015,0.85
Ajax,Netherlands Eredivisie,2014/2015,0.62
AZ,Netherlands Eredivisie,2014/2015,0.56
Feyenoord,Netherlands Eredivisie,2014/2015,0.5
PEC Zwolle,Netherlands Eredivisie,2014/2015,0.47
Vitesse,Netherlands Eredivisie,2014/2015,0.47
FC Twente,Netherlands Eredivisie,2014/2015,0.38
SC Heerenveen,Netherlands Eredivisie,2014/2015,0.38
Willem II,Netherlands Eredivisie,2014/2015,0.38
FC Groningen,Netherlands Eredivisie,2014/2015,0.32
FC Utrecht,Netherlands Eredivisie,2014/2015,0.32
Heracles Almelo,Netherlands Eredivisie,2014/2015,0.32
SC Cambuur,Netherlands Eredivisie,2014/2015,0.32
ADO Den Haag,Netherlands Eredivisie,2014/2015,0.26
Go Ahead Eagles,Netherlands Eredivisie,2014/2015,0.21
Excelsior,Netherlands Eredivisie,2014/2015,0.18
NAC Breda,Netherlands Eredivisie,2014/2015,0.18
FC Dordrecht,Netherlands Eredivisie,2014/2015,0.12
PSV,Netherlands Eredivisie,2015/2016,0.76
Ajax,Netherlands Eredivisie,2015/2016,0.74
Feyenoord,Netherlands Eredivisie,2015/2016,0.56
AZ,Netherlands Eredivisie,2015/2016,0.53
FC Utrecht,Netherlands Eredivisie,2015/2016,0.44
FC Groningen,Netherlands Eredivisie,2015/2016,0.41
Heracles Almelo,Netherlands Eredivisie,2015/2016,0.41
PEC Zwolle,Netherlands Eredivisie,2015/2016,0.41
N.E.C.,Netherlands Eredivisie,2015/2016,0.38
FC Twente,Netherlands Eredivisie,2015/2016,0.35
Vitesse,Netherlands Eredivisie,2015/2016,0.35
SC Heerenveen,Netherlands Eredivisie,2015/2016,0.32
ADO Den Haag,Netherlands Eredivisie,2015/2016,0.29
Roda JC Kerkrade,Netherlands Eredivisie,2015/2016,0.24
Excelsior,Netherlands Eredivisie,2015/2016,0.21
Willem II,Netherlands Eredivisie,2015/2016,0.18
De Graafschap,Netherlands Eredivisie,2015/2016,0.15
SC Cambuur,Netherlands Eredivisie,2015/2016,0.09
Wisła Kraków,Poland Ekstraklasa,2008/2009,0.63
Legia Warszawa,Poland Ekstraklasa,2008/2009,0.6
GKS Bełchatów,Poland Ekstraklasa,2008/2009,0.57
Lech Poznań,Poland Ekstraklasa,2008/2009,0.53
P. Warszawa,Poland Ekstraklasa,2008/2009,0.5
Śląsk Wrocław,Poland Ekstraklasa,2008/2009,0.37
Jagiellonia Białystok,Poland Ekstraklasa,2008/2009,0.3
Lechia Gdańsk,Poland Ekstraklasa,2008/2009,0.3
Piast Gliwice,Poland Ekstraklasa,2008/2009,0.3
Ruch Chorzów,Poland Ekstraklasa,2008/2009,0.3
Odra Wodzisław,Poland Ekstraklasa,2008/2009,0.27
Arka Gdynia,Poland Ekstraklasa,2008/2009,0.23
Cracovia,Poland Ekstraklasa,2008/2009,0.23
Lech Poznań,Poland Ekstraklasa,2009/2010,0.63
Wisła Kraków,Poland Ekstraklasa,2009/2010,0.63
Ruch Chorzów,Poland Ekstraklasa,2009/2010,0.53
Legia Warszawa,Poland Ekstraklasa,2009/2010,0.5
GKS Bełchatów,Poland Ekstraklasa,2009/2010,0.43
Jagiellonia Białystok,Poland Ekstraklasa,2009/2010,0.37
Cracovia,Poland Ekstraklasa,2009/2010,0.3
Korona Kielce,Poland Ekstraklasa,2009/2010,0.3
Lechia Gdańsk,Poland Ekstraklasa,2009/2010,0.3
P. Warszawa,Poland Ekstraklasa,2009/2010,0.3
Zagłębie Lubin,Poland Ekstraklasa,2009/2010,0.27
Śląsk Wrocław,Poland Ekstraklasa,2009/2010,0.27
Arka Gdynia,Poland Ekstraklasa,2009/2010,0.23
Odra Wodzisław,Poland Ekstraklasa,2009/2010,0.23
Piast Gliwice,Poland Ekstraklasa,2009/2010,0.23
Wisła Kraków,Poland Ekstraklasa,2010/2011,0.57
Legia Warszawa,Poland Ekstraklasa,2010/2011,0.5
Jagiellonia Białystok,Poland Ekstraklasa,2010/2011,0.47
Lech Poznań,Poland Ekstraklasa,2010/2011,0.43
Śląsk Wrocław,Poland Ekstraklasa,2010/2011,0.43
Lechia Gdańsk,Poland Ekstraklasa,2010/2011,0.4
P. Warszawa,Poland Ekstraklasa,2010/2011,0.4
GKS Bełchatów,Poland Ekstraklasa,2010/2011,0.33
Korona Kielce,Poland Ekstraklasa,2010/2011,0.33
Ruch Chorzów,Poland Ekstraklasa,2010/2011,0.33
Zagłębie Lubin,Poland Ekstraklasa,2010/2011,0.33
Cracovia,Poland Ekstraklasa,2010/2011,0.27
Arka Gdynia,Poland Ekstraklasa,2010/2011,0.2
Śląsk Wrocław,Poland Ekstraklasa,2011/2012,0.57
Ruch Chorzów,Poland Ekstraklasa,2011/2012,0.53
Lech Poznań,Poland Ekstraklasa,2011/2012,0.5
Legia Warszawa,Poland Ekstraklasa,2011/2012,0.5
Korona Kielce,Poland Ekstraklasa,2011/2012,0.43
P. Warszawa,Poland Ekstraklasa,2011/2012,0.43
Wisła Kraków,Poland Ekstraklasa,2011/2012,0.4
Jagiellonia Białystok,Poland Ekstraklasa,2011/2012,0.37
Zagłębie Lubin,Poland Ekstraklasa,2011/2012,0.37
Podbeskidzie Bielsko-Biała,Poland Ekstraklasa,2011/2012,0.3
GKS Bełchatów,Poland Ekstraklasa,2011/2012,0.23
Lechia Gdańsk,Poland Ekstraklasa,2011/2012,0.23
Cracovia,Poland Ekstraklasa,2011/2012,0.13
Legia Warszawa,Poland Ekstraklasa,2012/2013,0.67
Lech Poznań,Poland Ekstraklasa,2012/2013,0.63
Piast Gliwice,Poland Ekstraklasa,2012/2013,0.43
Śląsk Wrocław,Poland Ekstraklasa,2012/2013,0.43
P. Warszawa,Poland Ekstraklasa,2012/2013,0.37
Zagłębie Lubin,Poland Ekstraklasa,2012/2013,0.37
Lechia Gdańsk,Poland Ekstraklasa,2012/2013,0.33
Pogoń Szczecin,Poland Ekstraklasa,2012/2013,0.33
Wisła Kraków,Poland Ekstraklasa,2012/2013,0.33
Korona Kielce,Poland Ekstraklasa,2012/2013,0.3
Jagiellonia Białystok,Poland Ekstraklasa,2012/2013,0.27
Podbeskidzie Bielsko-Biała,Poland Ekstraklasa,2012/2013,0.27
Ruch Chorzów,Poland Ekstraklasa,2012/2013,0.27
GKS Bełchatów,Poland Ekstraklasa,2012/2013,0.23
Legia Warszawa,Poland Ekstraklasa,2013/2014,0.67
Lech Poznań,Poland Ekstraklasa,2013/2014,0.5
Ruch Chorzów,Poland Ekstraklasa,2013/2014,0.47
Wisła Kraków,Poland Ekstraklasa,2013/2014,0.4
Cracovia,Poland Ekstraklasa,2013/2014,0.37
Pogoń Szczecin,Poland Ekstraklasa,2013/2014,0.37
Zawisza Bydgoszcz,Poland Ekstraklasa,2013/2014,0.37
Jagiellonia Białystok,Poland Ekstraklasa,2013/2014,0.33
Lechia Gdańsk,Poland Ekstraklasa,2013/2014,0.33
Korona Kielce,Poland Ekstraklasa,2013/2014,0.3
Piast Gliwice,Poland Ekstraklasa,2013/2014,0.27
Zagłębie Lubin,Poland Ekstraklasa,2013/2014,0.23
Śląsk Wrocław,Poland Ekstraklasa,2013/2014,0.23
Podbeskidzie Bielsko-Biała,Poland Ekstraklasa,2013/2014,0.2
Legia Warszawa,Poland Ekstraklasa,2014/2015,0.57
Jagiellonia Białystok,Poland Ekstraklasa,2014/2015,0.47
Lech Poznań,Poland Ekstraklasa,2014/2015,0.47
Śląsk Wrocław,Poland Ekstraklasa,2014/2015,0.4
Lechia Gdańsk,Poland Ekstraklasa,2014/2015,0.37
Piast Gliwice,Poland Ekstraklasa,2014/2015,0.37
Pogoń Szczecin,Poland Ekstraklasa,2014/2015,0.37
Wisła Kraków,Poland Ekstraklasa,2014/2015,0.37
Cracovia,Poland Ekstraklasa,2014/2015,0.33
Korona Kielce,Poland Ekstraklasa,2014/2015,0.33
Podbeskidzie Bielsko-Biała,Poland Ekstraklasa,2014/2015,0.33
GKS Bełchatów,Poland Ekstraklasa,2014/2015,0.27
Górnik Łęczna,Poland Ekstraklasa,2014/2015,0.27
Ruch Chorzów,Poland Ekstraklasa,2014/2015,0.27
Zawisza Bydgoszcz,Poland Ekstraklasa,2014/2015,0.27
Legia Warszawa,Poland Ekstraklasa,2015/2016,0.57
Piast Gliwice,Poland Ekstraklasa,2015/2016,0.57
Lech Poznań,Poland Ekstraklasa,2015/2016,0.43
Cracovia,Poland Ekstraklasa,2015/2016,0.4
Zagłębie Lubin,Poland Ekstraklasa,2015/2016,0.4
Ruch Chorzów,Poland Ekstraklasa,2015/2016,0.37
Jagiellonia Białystok,Poland Ekstraklasa,2015/2016,0.33
Lechia Gdańsk,Poland Ekstraklasa,2015/2016,0.33
Pogoń Szczecin,Poland Ekstraklasa,2015/2016,0.33
Korona Kielce,Poland Ekstraklasa,2015/2016,0.3
Podbeskidzie Bielsko-Biała,Poland Ekstraklasa,2015/2016,0.3
Górnik Łęczna,Poland Ekstraklasa,2015/2016,0.27
Termalica Bruk-Bet Nieciecza,Poland Ekstraklasa,2015/2016,0.27
Wisła Kraków,Poland Ekstraklasa,2015/2016,0.27
Śląsk Wrocław,Poland Ekstraklasa,2015/2016,0.27
FC Porto,Portugal Liga ZON Sagres,2008/2009,0.7
Sporting CP,Portugal Liga ZON Sagres,2008/2009,0.67
SL Benfica,Portugal Liga ZON Sagres,2008/2009,0.57
CD Nacional,Portugal Liga ZON Sagres,2008/2009,0.5
SC Braga,Portugal Liga ZON Sagres,2008/2009,0.43
Leixões SC,Portugal Liga ZON Sagres,2008/2009,0.4
Académica de Coimbra,Portugal Liga ZON Sagres,2008/2009,0.33
Vitória Guimarães,Portugal Liga ZON Sagres,2008/2009,0.33
CS Marítimo,Portugal Liga ZON Sagres,2008/2009,0.3
FC Paços de Ferreira,Portugal Liga ZON Sagres,2008/2009,0.3
Amadora,Portugal Liga ZON Sagres,2008/2009,0.27
Rio Ave FC,Portugal Liga ZON Sagres,2008/2009,0.27
Naval 1° de Maio,Portugal Liga ZON Sagres,2008/2009,0.23
Vitória Setúbal,Portugal Liga ZON Sagres,2008/2009,0.23
CF Os Belenenses,Portugal Liga ZON Sagres,2008/2009,0.17
Trofense,Portugal Liga ZON Sagres,2008/2009,0.17
SL Benfica,Portugal Liga ZON Sagres,2009/2010,0.8
SC Braga,Portugal Liga ZON Sagres,2009/2010,0.73
FC Porto,Portugal Liga ZON Sagres,2009/2010,0.7
Sporting CP,Portugal Liga ZON Sagres,2009/2010,0.43
CS Marítimo,Portugal Liga ZON Sagres,2009/2010,0.37
Vitória Guimarães,Portugal Liga ZON Sagres,2009/2010,0.37
CD Nacional,Portugal Liga ZON Sagres,2009/2010,0.33
Naval 1° de Maio,Portugal Liga ZON Sagres,2009/2010,0.33
"União de Leiria, SAD",Portugal Liga ZON Sagres,2009/2010,0.3
Académica de Coimbra,Portugal Liga ZON Sagres,2009/2010,0.27
FC Paços de Ferreira,Portugal Liga ZON Sagres,2009/2010,0.27
Rio Ave FC,Portugal Liga ZON Sagres,2009/2010,0.2
Leixões SC,Portugal Liga ZON Sagres,2009/2010,0.17
S.C. Olhanense,Portugal Liga ZON Sagres,2009/2010,0.17
Vitória Setúbal,Portugal Liga ZON Sagres,2009/2010,0.17
CF Os Belenenses,Portugal Liga ZON Sagres,2009/2010,0.13
FC Porto,Portugal Liga ZON Sagres,2010/2011,0.9
SL Benfica,Portugal Liga ZON Sagres,2010/2011,0.67
SC Braga,Portugal Liga ZON Sagres,2010/2011,0.43
Sporting CP,Portugal Liga ZON Sagres,2010/2011,0.43
Vitória Guimarães,Portugal Liga ZON Sagres,2010/2011,0.4
CD Nacional,Portugal Liga ZON Sagres,2010/2011,0.37
FC Paços de Ferreira,Portugal Liga ZON Sagres,2010/2011,0.33
Rio Ave FC,Portugal Liga ZON Sagres,2010/2011,0.33
CS Marítimo,Portugal Liga ZON Sagres,2010/2011,0.3
"União de Leiria, SAD",Portugal Liga ZON Sagres,2010/2011,0.3
Vitória Setúbal,Portugal Liga ZON Sagres,2010/2011,0.27
Académica de Coimbra,Portugal Liga ZON Sagres,2010/2011,0.23
S.C. Olhanense,Portugal Liga ZON Sagres,2010/2011,0.23
SC Beira Mar,Portugal Liga ZON Sagres,2010/2011,0.23
Portimonense,Portugal Liga ZON Sagres,2010/2011,0.2
Naval 1° de Maio,Portugal Liga ZON Sagres,2010/2011,0.17
FC Porto,Portugal Liga ZON Sagres,2011/2012,0.77
SL Benfica,Portugal Liga ZON Sagres,2011/2012,0.7
SC Braga,Portugal Liga ZON Sagres,2011/2012,0.63
Sporting CP,Portugal Liga ZON Sagres,2011/2012,0.6
CS Marítimo,Portugal Liga ZON Sagres,2011/2012,0.47
Vitória Guimarães,Portugal Liga ZON Sagres,2011/2012,0.47
CD Nacional,Portugal Liga ZON Sagres,2011/2012,0.43
S.C. Olhanense,Portugal Liga ZON Sagres,2011/2012,0.3
FC Paços de Ferreira,Portugal Liga ZON Sagres,2011/2012,0.27
Gil Vicente FC,Portugal Liga ZON Sagres,2011/2012,0.27
SC Beira Mar,Portugal Liga ZON Sagres,2011/2012,0.27
Vitória Setúbal,Portugal Liga ZON Sagres,2011/2012,0.27
Académica de Coimbra,Portugal Liga ZON Sagres,2011/2012,0.23
Rio Ave FC,Portugal Liga ZON Sagres,2011/2012,0.23
Feirense,Portugal Liga ZON Sagres,2011/2012,0.17
"União de Leiria, SAD",Portugal Liga ZON Sagres,2011/2012,0.17
FC Porto,Portugal Liga ZON Sagres,2012/2013,0.8
SL Benfica,Portugal Liga ZON Sagres,2012/2013,0.8
SC Braga,Portugal Liga ZON Sagres,2012/2013,0.53
FC Paços de Ferreira,Portugal Liga ZON Sagres,2012/2013,0.47
Estoril Praia,Portugal Liga ZON Sagres,2012/2013,0.43
Rio Ave FC,Portugal Liga ZON Sagres,2012/2013,0.4
CD Nacional,Portugal Liga ZON Sagres,2012/2013,0.37
Sporting CP,Portugal Liga ZON Sagres,2012/2013,0.37
Vitória Guimarães,Portugal Liga ZON Sagres,2012/2013,0.37
CS Marítimo,Portugal Liga ZON Sagres,2012/2013,0.3
Vitória Setúbal,Portugal Liga ZON Sagres,2012/2013,0.23
Académica de Coimbra,Portugal Liga ZON Sagres,2012/2013,0.2
Gil Vicente FC,Portugal Liga ZON Sagres,2012/2013,0.2
Moreirense FC,Portugal Liga ZON Sagres,2012/2013,0.17
S.C. Olhanense,Portugal Liga ZON Sagres,2012/2013,0.17
SC Beira Mar,Portugal Liga ZON Sagres,2012/2013,0.17
SL Benfica,Portugal Liga ZON Sagres,2013/2014,0.77
Sporting CP,Portugal Liga ZON Sagres,2013/2014,0.67
FC Porto,Portugal Liga ZON Sagres,2013/2014,0.63
Estoril Praia,Portugal Liga ZON Sagres,2013/2014,0.5
CD Nacional,Portugal Liga ZON Sagres,2013/2014,0.37
CS Marítimo,Portugal Liga ZON Sagres,2013/2014,0.37
SC Braga,Portugal Liga ZON Sagres,2013/2014,0.33
Vitória Guimarães,Portugal Liga ZON Sagres,2013/2014,0.33
Vitória Setúbal,Portugal Liga ZON Sagres,2013/2014,0.33
Académica de Coimbra,Portugal Liga ZON Sagres,2013/2014,0.3
FC Arouca,Portugal Liga ZON Sagres,2013/2014,0.27
Gil Vicente FC,Portugal Liga ZON Sagres,2013/2014,0.27
Rio Ave FC,Portugal Liga ZON Sagres,2013/2014,0.27
CF Os Belenenses,Portugal Liga ZON Sagres,2013/2014,0.2
FC Paços de Ferreira,Portugal Liga ZON Sagres,2013/2014,0.2
S.C. Olhanense,Portugal Liga ZON Sagres,2013/2014,0.2
SL Benfica,Portugal Liga ZON Sagres,2014/2015,0.79
FC Porto,Portugal Liga ZON Sagres,2014/2015,0.74
Sporting CP,Portugal Liga ZON Sagres,2014/2015,0.65
SC Braga,Portugal Liga ZON Sagres,2014/2015,0.5
Vitória Guimarães,Portugal Liga ZON Sagres,2014/2015,0.44
CD Nacional,Portugal Liga ZON Sagres,2014/2015,0.38
CF Os Belenenses,Portugal Liga ZON Sagres,2014/2015,0.35
CS Marítimo,Portugal Liga ZON Sagres,2014/2015,0.35
FC Paços de Ferreira,Portugal Liga ZON Sagres,2014/2015,0.35
Moreirense FC,Portugal Liga ZON Sagres,2014/2015,0.32
Rio Ave FC,Portugal Liga ZON Sagres,2014/2015,0.29
Boavista FC,Portugal Liga ZON Sagres,2014/2015,0.26
Estoril Praia,Portugal Liga ZON Sagres,2014/2015,0.26
FC Arouca,Portugal Liga ZON Sagres,2014/2015,0.21
Vitória Setúbal,Portugal Liga ZON Sagres,2014/2015,0.21
FC Penafiel,Portugal Liga ZON Sagres,2014/2015,0.15
Académica de Coimbra,Portugal Liga ZON Sagres,2014/2015,0.12
Gil Vicente FC,Portugal Liga ZON Sagres,2014/2015,0.12
SL Benfica,Portugal Liga ZON Sagres,2015/2016,0.85
Sporting CP,Portugal Liga ZON Sagres,2015/2016,0.79
FC Porto,Portugal Liga ZON Sagres,2015/2016,0.68
SC Braga,Portugal Liga ZON Sagres,2015/2016,0.47
Rio Ave FC,Portugal Liga ZON Sagres,2015/2016,0.41
Estoril Praia,Portugal Liga ZON Sagres,2015/2016,0.38
FC Arouca,Portugal Liga ZON Sagres,2015/2016,0.38
FC Paços de Ferreira,Portugal Liga ZON Sagres,2015/2016,0.38
CD Nacional,Portugal Liga ZON Sagres,2015/2016,0.29
CF Os Belenenses,Portugal Liga ZON Sagres,2015/2016,0.29
CS Marítimo,Portugal Liga ZON Sagres,2015/2016,0.29
Moreirense FC,Portugal Liga ZON Sagres,2015/2016,0.26
Vitória Guimarães,Portugal Liga ZON Sagres,2015/2016,0.26
Boavista FC,Portugal Liga ZON Sagres,2015/2016,0.24
Tondela,Portugal Liga ZON Sagres,2015/2016,0.24
Uniao da Madeira,Portugal Liga ZON Sagres,2015/2016,0.21
Vitória Setúbal,Portugal Liga ZON Sagres,2015/2016,0.18
Académica de Coimbra,Portugal Liga ZON Sagres,2015/2016,0.15
Rangers,Scotland Premier League,2008/2009,0.68
Celtic,Scotland Premier League,2008/2009,0.63
Heart of Midlothian,Scotland Premier League,2008/2009,0.42
Aberdeen,Scotland Premier League,2008/2009,0.37
Dundee United,Scotland Premier League,2008/2009,0.34
Motherwell,Scotland Premier League,2008/2009,0.34
Hamilton Academical FC,Scotland Premier League,2008/2009,0.32
Kilmarnock,Scotland Premier League,2008/2009,0.32
Hibernian,Scotland Premier League,2008/2009,0.29
Inverness Caledonian Thistle,Scotland Premier League,2008/2009,0.26
Falkirk,Scotland Premier League,2008/2009,0.24
St. Mirren,Scotland Premier League,2008/2009,0.24
Rangers,Scotland Premier League,2009/2010,0.68
Celtic,Scotland Premier League,2009/2010,0.66
Dundee United,Scotland Premier League,2009/2010,0.45
Hibernian,Scotland Premier League,2009/2010,0.39
Hamilton Academical FC,Scotland Premier League,2009/2010,0.34
Heart of Midlothian,Scotland Premier League,2009/2010,0.34
Motherwell,Scotland Premier League,2009/2010,0.34
St. Johnstone FC,Scotland Premier League,2009/2010,0.32
Aberdeen,Scotland Premier League,2009/2010,0.26
Kilmarnock,Scotland Premier League,2009/2010,0.21
St. Mirren,Scotland Premier League,2009/2010,0.18
Falkirk,Scotland Premier League,2009/2010,0.16
Rangers,Scotland Premier League,2010/2011,0.79
Celtic,Scotland Premier League,2010/2011,0.76
Heart of Midlothian,Scotland Premier League,2010/2011,0.47
Dundee United,Scotland Premier League,2010/2011,0.45
Inverness Caledonian Thistle,Scotland Premier League,2010/2011,0.37
Kilmarnock,Scotland Premier League,2010/2011,0.34
Motherwell,Scotland Premier League,2010/2011,0.34
Aberdeen,Scotland Premier League,2010/2011,0.29
St. Johnstone FC,Scotland Premier League,2010/2011,0.29
Hibernian,Scotland Premier League,2010/2011,0.26
St. Mirren,Scotland Premier League,2010/2011,0.21
Hamilton Academical FC,Scotland Premier League,2010/2011,0.13
Celtic,Scotland Premier League,2011/2012,0.79
Rangers,Scotland Premier League,2011/2012,0.68
Motherwell,Scotland Premier League,2011/2012,0.47
Dundee United,Scotland Premier League,2011/2012,0.42
Heart of Midlothian,Scotland Premier League,2011/2012,0.39
St. Johnstone FC,Scotland Premier League,2011/2012,0.37
Kilmarnock,Scotland Premier League,2011/2012,0.29
Inverness Caledonian Thistle,Scotland Premier League,2011/2012,0.26
Aberdeen,Scotland Premier League,2011/2012,0.24
St. Mirren,Scotland Premier League,2011/2012,0.24
Hibernian,Scotland Premier League,2011/2012,0.21
Dunfermline Athletic,Scotland Premier League,2011/2012,0.13
Celtic,Scotland Premier League,2012/2013,0.63
Motherwell,Scotland Premier League,2012/2013,0.47
St. Johnstone FC,Scotland Premier League,2012/2013,0.37
Hibernian,Scotland Premier League,2012/2013,0.34
Inverness Caledonian Thistle,Scotland Premier League,2012/2013,0.34
Ross County FC,Scotland Premier League,2012/2013,0.34
Aberdeen,Scotland Premier League,2012/2013,0.29
Dundee United,Scotland Premier League,2012/2013,0.29
Heart of Midlothian,Scotland Premier League,2012/2013,0.29
Kilmarnock,Scotland Premier League,2012/2013,0.29
St. Mirren,Scotland Premier League,2012/2013,0.24
Dundee FC,Scotland Premier League,2012/2013,0.18
Celtic,Scotland Premier League,2013/2014,0.82
Motherwell,Scotland Premier League,2013/2014,0.58
Aberdeen,Scotland Premier League,2013/2014,0.53
Dundee United,Scotland Premier League,2013/2014,0.42
Inverness Caledonian Thistle,Scotland Premier League,2013/2014,0.42
St. Johnstone FC,Scotland Premier League,2013/2014,0.39
Kilmarnock,Scotland Premier League,2013/2014,0.29
Ross County FC,Scotland Premier League,2013/2014,0.29
Heart of Midlothian,Scotland Premier League,2013/2014,0.26
St. Mirren,Scotland Premier League,2013/2014,0.26
Hibernian,Scotland Premier League,2013/2014,0.21
Partick Thistle F.C.,Scotland Premier League,2013/2014,0.21
Celtic,Scotland Premier League,2014/2015,0.76
Aberdeen,Scotland Premier League,2014/2015,0.61
Inverness Caledonian Thistle,Scotland Premier League,2014/2015,0.5
Dundee United,Scotland Premier League,2014/2015,0.45
St. Johnstone FC,Scotland Premier League,2014/2015,0.42
Hamilton Academical FC,Scotland Premier League,2014/2015,0.39
Partick Thistle F.C.,Scotland Premier League,2014/2015,0.32
Ross County FC,Scotland Premier League,2014/2015,0.32
Dundee FC,Scotland Premier League,2014/2015,0.29
Kilmarnock,Scotland Premier League,2014/2015,0.29
Motherwell,Scotland Premier League,2014/2015,0.26
St. Mirren,Scotland Premier League,2014/2015,0.24
Celtic,Scotland Premier League,2015/2016,0.68
Aberdeen,Scotland Premier League,2015/2016,0.58
Heart of Midlothian,Scotland Premier League,2015/2016,0.47
St. Johnstone FC,Scotland Premier League,2015/2016,0.42
Motherwell,Scotland Premier League,2015/2016,0.39
Inverness Caledonian Thistle,Scotland Premier League,2015/2016,0.37
Ross County FC,Scotland Premier League,2015/2016,0.37
Partick Thistle F.C.,Scotland Premier League,2015/2016,0.32
Dundee FC,Scotland Premier League,2015/2016,0.29
Hamilton Academical FC,Scotland Premier League,2015/2016,0.29
Kilmarnock,Scotland Premier League,2015/2016,0.24
Dundee United,Scotland Premier League,2015/2016,0.21
FC Barcelona,Spain LIGA BBVA,2008/2009,0.71
Real Madrid CF,Spain LIGA BBVA,2008/2009,0.66
Sevilla FC,Spain LIGA BBVA,2008/2009,0.55
Atlético Madrid,Spain LIGA BBVA,2008/2009,0.53
Valencia CF,Spain LIGA BBVA,2008/2009,0.47
Villarreal CF,Spain LIGA BBVA,2008/2009,0.47
RC Deportivo de La Coruña,Spain LIGA BBVA,2008/2009,0.42
Málaga CF,Spain LIGA BBVA,2008/2009,0.39
RCD Mallorca,Spain LIGA BBVA,2008/2009,0.37
Real Sporting de Gijón,Spain LIGA BBVA,2008/2009,0.37
UD Almería,Spain LIGA BBVA,2008/2009,0.34
Athletic Club de Bilbao,Spain LIGA BBVA,2008/2009,0.32
RCD Espanyol,Spain LIGA BBVA,2008/2009,0.32
Racing Santander,Spain LIGA BBVA,2008/2009,0.32
Real Valladolid,Spain LIGA BBVA,2008/2009,0.32
CA Osasuna,Spain LIGA BBVA,2008/2009,0.26
CD Numancia,Spain LIGA BBVA,2008/2009,0.26
Getafe CF,Spain LIGA BBVA,2008/2009,0.26
Real Betis Balompié,Spain LIGA BBVA,2008/2009,0.26
RC Recreativo,Spain LIGA BBVA,2008/2009,0.21
FC Barcelona,Spain LIGA BBVA,2009/2010,0.82
Real Madrid CF,Spain LIGA BBVA,2009/2010,0.82
Valencia CF,Spain LIGA BBVA,2009/2010,0.55
Sevilla FC,Spain LIGA BBVA,2009/2010,0.5
RCD Mallorca,Spain LIGA BBVA,2009/2010,0.47
Getafe CF,Spain LIGA BBVA,2009/2010,0.45
Villarreal CF,Spain LIGA BBVA,2009/2010,0.42
Athletic Club de Bilbao,Spain LIGA BBVA,2009/2010,0.39
Atlético Madrid,Spain LIGA BBVA,2009/2010,0.34
RC Deportivo de La Coruña,Spain LIGA BBVA,2009/2010,0.34
CA Osasuna,Spain LIGA BBVA,2009/2010,0.29
RCD Espanyol,Spain LIGA BBVA,2009/2010,0.29
Real Zaragoza,Spain LIGA BBVA,2009/2010,0.26
UD Almería,Spain LIGA BBVA,2009/2010,0.26
CD Tenerife,Spain LIGA BBVA,2009/2010,0.24
Racing Santander,Spain LIGA BBVA,2009/2010,0.24
Real Sporting de Gijón,Spain LIGA BBVA,2009/2010,0.24
Xerez Club Deportivo,Spain LIGA BBVA,2009/2010,0.21
Málaga CF,Spain LIGA BBVA,2009/2010,0.18
Real Valladolid,Spain LIGA BBVA,2009/2010,0.18
FC Barcelona,Spain LIGA BBVA,2010/2011,0.79
Real Madrid CF,Spain LIGA BBVA,2010/2011,0.76
Valencia CF,Spain LIGA BBVA,2010/2011,0.55
Athletic Club de Bilbao,Spain LIGA BBVA,2010/2011,0.47
Villarreal CF,Spain LIGA BBVA,2010/2011,0.47
Atlético Madrid,Spain LIGA BBVA,2010/2011,0.45
Sevilla FC,Spain LIGA BBVA,2010/2011,0.45
RCD Espanyol,Spain LIGA BBVA,2010/2011,0.39
Real Sociedad,Spain LIGA BBVA,2010/2011,0.37
CA Osasuna,Spain LIGA BBVA,2010/2011,0.34
Málaga CF,Spain LIGA BBVA,2010/2011,0.34
Getafe CF,Spain LIGA BBVA,2010/2011,0.32
Levante UD,Spain LIGA BBVA,2010/2011,0.32
RCD Mallorca,Spain LIGA BBVA,2010/2011,0.32
Racing Santander,Spain LIGA BBVA,2010/2011,0.32
Real Zaragoza,Spain LIGA BBVA,2010/2011,0.32
Real Sporting de Gijón,Spain LIGA BBVA,2010/2011,0.29
RC Deportivo de La Coruña,Spain LIGA BBVA,2010/2011,0.26
Hércules Club de Fútbol,Spain LIGA BBVA,2010/2011,0.24
UD Almería,Spain LIGA BBVA,2010/2011,0.16
Real Madrid CF,Spain LIGA BBVA,2011/2012,0.84
FC Barcelona,Spain LIGA BBVA,2011/2012,0.74
Málaga CF,Spain LIGA BBVA,2011/2012,0.45
Valencia CF,Spain LIGA BBVA,2011/2012,0.45
Levante UD,Spain LIGA BBVA,2011/2012,0.42
Atlético Madrid,Spain LIGA BBVA,2011/2012,0.39
RCD Mallorca,Spain LIGA BBVA,2011/2012,0.37
CA Osasuna,Spain LIGA BBVA,2011/2012,0.34
Rayo Vallecano,Spain LIGA BBVA,2011/2012,0.34
Real Betis Balompié,Spain LIGA BBVA,2011/2012,0.34
Sevilla FC,Spain LIGA BBVA,2011/2012,0.34
Athletic Club de Bilbao,Spain LIGA BBVA,2011/2012,0.32
Getafe CF,Spain LIGA BBVA,2011/2012,0.32
Granada CF,Spain LIGA BBVA,2011/2012,0.32
RCD Espanyol,Spain LIGA BBVA,2011/2012,0.32
Real Sociedad,Spain LIGA BBVA,2011/2012,0.32
Real Zaragoza,Spain LIGA BBVA,2011/2012,0.32
Real Sporting de Gijón,Spain LIGA BBVA,2011/2012,0.26
Villarreal CF,Spain LIGA BBVA,2011/2012,0.24
Racing Santander,Spain LIGA BBVA,2011/2012,0.11
FC Barcelona,Spain LIGA BBVA,2012/2013,0.84
Real Madrid CF,Spain LIGA BBVA,2012/2013,0.68
Atlético Madrid,Spain LIGA BBVA,2012/2013,0.61
Valencia CF,Spain LIGA BBVA,2012/2013,0.5
Real Sociedad,Spain LIGA BBVA,2012/2013,0.47
Málaga CF,Spain LIGA BBVA,2012/2013,0.42
Rayo Vallecano,Spain LIGA BBVA,2012/2013,0.42
Real Betis Balompié,Spain LIGA BBVA,2012/2013,0.42
Sevilla FC,Spain LIGA BBVA,2012/2013,0.37
Getafe CF,Spain LIGA BBVA,2012/2013,0.34
Athletic Club de Bilbao,Spain LIGA BBVA,2012/2013,0.32
Levante UD,Spain LIGA BBVA,2012/2013,0.32
Granada CF,Spain LIGA BBVA,2012/2013,0.29
RCD Espanyol,Spain LIGA BBVA,2012/2013,0.29
Real Valladolid,Spain LIGA BBVA,2012/2013,0.29
CA Osasuna,Spain LIGA BBVA,2012/2013,0.26
RC Celta de Vigo,Spain LIGA BBVA,2012/2013,0.26
RCD Mallorca,Spain LIGA BBVA,2012/2013,0.24
Real Zaragoza,Spain LIGA BBVA,2012/2013,0.24
RC Deportivo de La Coruña,Spain LIGA BBVA,2012/2013,0.21
Atlético Madrid,Spain LIGA BBVA,2013/2014,0.74
FC Barcelona,Spain LIGA BBVA,2013/2014,0.71
Real Madrid CF,Spain LIGA BBVA,2013/2014,0.71
Athletic Club de Bilbao,Spain LIGA BBVA,2013/2014,0.53
Sevilla FC,Spain LIGA BBVA,2013/2014,0.47
Villarreal CF,Spain LIGA BBVA,2013/2014,0.45
Real Sociedad,Spain LIGA BBVA,2013/2014,0.42
RC Celta de Vigo,Spain LIGA BBVA,2013/2014,0.37
Rayo Vallecano,Spain LIGA BBVA,2013/2014,0.34
Valencia CF,Spain LIGA BBVA,2013/2014,0.34
Granada CF,Spain LIGA BBVA,2013/2014,0.32
Levante UD,Spain LIGA BBVA,2013/2014,0.32
Málaga CF,Spain LIGA BBVA,2013/2014,0.32
Getafe CF,Spain LIGA BBVA,2013/2014,0.29
RCD Espanyol,Spain LIGA BBVA,2013/2014,0.29
UD Almería,Spain LIGA BBVA,2013/2014,0.29
CA Osasuna,Spain LIGA BBVA,2013/2014,0.26
Elche CF,Spain LIGA BBVA,2013/2014,0.24
Real Valladolid,Spain LIGA BBVA,2013/2014,0.18
Real Betis Balompié,Spain LIGA BBVA,2013/2014,0.16
FC Barcelona,Spain LIGA BBVA,2014/2015,0.79
Real Madrid CF,Spain LIGA BBVA,2014/2015,0.79
Atlético Madrid,Spain LIGA BBVA,2014/2015,0.61
Sevilla FC,Spain LIGA BBVA,2014/2015,0.61
Valencia CF,Spain LIGA BBVA,2014/2015,0.58
Villarreal CF,Spain LIGA BBVA,2014/2015,0.42
Athletic Club de Bilbao,Spain LIGA BBVA,2014/2015,0.39
Rayo Vallecano,Spain LIGA BBVA,2014/2015,0.39
Málaga CF,Spain LIGA BBVA,2014/2015,0.37
RC Celta de Vigo,Spain LIGA BBVA,2014/2015,0.34
RCD Espanyol,Spain LIGA BBVA,2014/2015,0.34
Elche CF,Spain LIGA BBVA,2014/2015,0.29
Real Sociedad,Spain LIGA BBVA,2014/2015,0.29
Getafe CF,Spain LIGA BBVA,2014/2015,0.26
Levante UD,Spain LIGA BBVA,2014/2015,0.24
SD Eibar,Spain LIGA BBVA,2014/2015,0.24
UD Almería,Spain LIGA BBVA,2014/2015,0.21
Granada CF,Spain LIGA BBVA,2014/2015,0.18
RC Deportivo de La Coruña,Spain LIGA BBVA,2014/2015,0.18
Córdoba CF,Spain LIGA BBVA,2014/2015,0.08
FC Barcelona,Spain LIGA BBVA,2015/2016,0.76
Atlético Madrid,Spain LIGA BBVA,2015/2016,0.74
Real Madrid CF,Spain LIGA BBVA,2015/2016,0.74
Athletic Club de Bilbao,Spain LIGA BBVA,2015/2016,0.47
Villarreal CF,Spain LIGA BBVA,2015/2016,0.47
RC Celta de Vigo,Spain LIGA BBVA,2015/2016,0.45
Sevilla FC,Spain LIGA BBVA,2015/2016,0.37
Real Sociedad,Spain LIGA BBVA,2015/2016,0.34
Málaga CF,Spain LIGA BBVA,2015/2016,0.32
RCD Espanyol,Spain LIGA BBVA,2015/2016,0.32
UD Las Palmas,Spain LIGA BBVA,2015/2016,0.32
Real Betis Balompié,Spain LIGA BBVA,2015/2016,0.29
SD Eibar,Spain LIGA BBVA,2015/2016,0.29
Valencia CF,Spain LIGA BBVA,2015/2016,0.29
Granada CF,Spain LIGA BBVA,2015/2016,0.26
Real Sporting de Gijón,Spain LIGA BBVA,2015/2016,0.26
Getafe CF,Spain LIGA BBVA,2015/2016,0.24
Rayo Vallecano,Spain LIGA BBVA,2015/2016,0.24
Levante UD,Spain LIGA BBVA,2015/2016,0.21
RC Deportivo de La Coruña,Spain LIGA BBVA,2015/2016,0.21
FC Zürich,Switzerland Super League,2008/2009,0.67
BSC Young Boys,Switzerland Super League,2008/2009,0.61
FC Basel,Switzerland Super League,2008/2009,0.61
Grasshopper Club Zürich,Switzerland Super League,2008/2009,0.33
AC Bellinzona,Switzerland Super League,2008/2009,0.31
FC Aarau,Switzerland Super League,2008/2009,0.31
Neuchâtel Xamax,Switzerland Super League,2008/2009,0.28
FC Luzern,Switzerland Super League,2008/2009,0.25
FC Sion,Switzerland Super League,2008/2009,0.25
FC Vaduz,Switzerland Super League,2008/2009,0.14
BSC Young Boys,Switzerland Super League,2009/2010,0.69
FC Basel,Switzerland Super League,2009/2010,0.69
Grasshopper Club Zürich,Switzerland Super League,2009/2010,0.58
FC Luzern,Switzerland Super League,2009/2010,0.47
FC Sion,Switzerland Super League,2009/2010,0.39
FC St. Gallen,Switzerland Super League,2009/2010,0.36
FC Zürich,Switzerland Super League,2009/2010,0.33
Neuchâtel Xamax,Switzerland Super League,2009/2010,0.31
AC Bellinzona,Switzerland Super League,2009/2010,0.19
FC Aarau,Switzerland Super League,2009/2010,0.17
FC Basel,Switzerland Super League,2010/2011,0.58
FC Zürich,Switzerland Super League,2010/2011,0.58
BSC Young Boys,Switzerland Super League,2010/2011,0.42
FC Sion,Switzerland Super League,2010/2011,0.42
FC Luzern,Switzerland Super League,2010/2011,0.36
FC Thun,Switzerland Super League,2010/2011,0.31
Grasshopper Club Zürich,Switzerland Super League,2010/2011,0.28
FC St. Gallen,Switzerland Super League,2010/2011,0.22
Neuchâtel Xamax,Switzerland Super League,2010/2011,0.22
AC Bellinzona,Switzerland Super League,2010/2011,0.19
FC Basel,Switzerland Super League,2011/2012,0.65
FC Sion,Switzerland Super League,2011/2012,0.44
FC Luzern,Switzerland Super League,2011/2012,0.41
Servette FC,Switzerland Super League,2011/2012,0.41
Neuchâtel Xamax,Switzerland Super League,2011/2012,0.39
BSC Young Boys,Switzerland Super League,2011/2012,0.38
FC Thun,Switzerland Super League,2011/2012,0.32
FC Zürich,Switzerland Super League,2011/2012,0.32
FC Lausanne-Sports,Switzerland Super League,2011/2012,0.24
Grasshopper Club Zürich,Switzerland Super League,2011/2012,0.21
FC Basel,Switzerland Super League,2012/2013,0.58
Grasshopper Club Zürich,Switzerland Super League,2012/2013,0.56
FC St. Gallen,Switzerland Super League,2012/2013,0.47
FC Zürich,Switzerland Super League,2012/2013,0.44
FC Sion,Switzerland Super League,2012/2013,0.36
FC Thun,Switzerland Super League,2012/2013,0.36
BSC Young Boys,Switzerland Super League,2012/2013,0.31
FC Luzern,Switzerland Super League,2012/2013,0.28
FC Lausanne-Sports,Switzerland Super League,2012/2013,0.22
Servette FC,Switzerland Super League,2012/2013,0.17
FC Basel,Switzerland Super League,2013/2014,0.53
Grasshopper Club Zürich,Switzerland Super League,2013/2014,0.53
BSC Young Boys,Switzerland Super League,2013/2014,0.47
FC Luzern,Switzerland Super League,2013/2014,0.42
FC Zürich,Switzerland Super League,2013/2014,0.39
FC Thun,Switzerland Super League,2013/2014,0.36
FC Aarau,Switzerland Super League,2013/2014,0.33
FC Sion,Switzerland Super League,2013/2014,0.33
FC St. Gallen,Switzerland Super League,2013/2014,0.31
FC Lausanne-Sports,Switzerland Super League,2013/2014,0.19
FC Basel,Switzerland Super League,2014/2015,0.67
BSC Young Boys,Switzerland Super League,2014/2015,0.53
FC Zürich,Switzerland Super League,2014/2015,0.42
FC St. Gallen,Switzerland Super League,2014/2015,0.36
FC Thun,Switzerland Super League,2014/2015,0.36
FC Luzern,Switzerland Super League,2014/2015,0.33
FC Sion,Switzerland Super League,2014/2015,0.33
Grasshopper Club Zürich,Switzerland Super League,2014/2015,0.31
FC Vaduz,Switzerland Super League,2014/2015,0.19
FC Aarau,Switzerland Super League,2014/2015,0.17
FC Basel,Switzerland Super League,2015/2016,0.72
BSC Young Boys,Switzerland Super League,2015/2016,0.56
FC Luzern,Switzerland Super League,2015/2016,0.42
Grasshopper Club Zürich,Switzerland Super League,2015/2016,0.42
FC Sion,Switzerland Super League,2015/2016,0.39
FC St. Gallen,Switzerland Super League,2015/2016,0.28
FC Thun,Switzerland Super League,2015/2016,0.28
Lugano,Switzerland Super League,2015/2016,0.25
FC Vaduz,Switzerland Super League,2015/2016,0.19
FC Zürich,Switzerland Super League,2015/2016,0.19
